cluster,lat,lon,dist_to_parking
0,37.48434,127.12246,345.0053931810944
1,37.48921,127.14667,2324.336912445098
2,37.49803,127.15166999999998,3012.798542565239
3,37.4798337,127.1310225,1226.2512397663727
4,37.5550711,126.9238244,0.0
5,37.5571419,126.9261901,0.0
6,37.48818,127.01751,0.0
7,37.49672,127.11744,956.3798096235527
8,37.5477846,126.90956360000001,60.89235133436803
9,37.52998,127.12875000000001,1937.6695200106012
10,37.48689701053541,126.928177,1809.9284747074742
11,37.54208,126.84656,556.3256993679374
12,37.59418,126.92555,1335.666330657966
13,37.52782,126.83692,1589.8994428895926
14,37.50355,127.13379,1723.1499640356644
15,37.64802,127.07678,0.0
16,37.57157230764617,126.87280629999998,1877.1561425100792
17,37.5067997,126.9291349,0.0
18,37.54294,127.12733,1728.8951372664899
19,37.5141564,127.1195472,0.0
20,37.64643,127.04326,0.0
21,37.4730961,126.9282982,1089.3243445338335
22,37.484665,126.94849610000001,2.24509261664856e-09
23,37.65347,127.02715,0.0
24,37.53608,126.87585000000001,1136.5804838541496
25,37.5501812,126.9479037,408.4261977274279
26,37.664419610276674,127.03333018972333,0.04644175271919622
27,37.549927,126.9592897,0.0
28,37.5539189,126.8377194,1090.0051162827604
29,37.55586014573713,126.90087009333926,0.018174412074054885
30,37.4988159,126.9441045,0.0
31,37.4856963,126.9723525,1232.884932131524
32,37.5182544,127.01240280000002,2.2440828533208324e-09
33,37.59547,126.90718,2574.3213006123988
34,37.46838,127.03609999999999,2.2455818980198527e-09
35,37.5510043,126.9419496,419.54494887533264
36,37.5498936,126.86025,0.0
37,37.5064393,126.963687,1924.2264050463973
38,37.5567609,126.9663037,979.6690123742234
39,37.49882005289474,127.06566006615789,232.06029851464223
40,37.4878395,127.04385689999998,738.647454347671
41,37.5282501,126.8914746,1417.2281012493424
42,37.54743,126.92473,504.2084979053285
43,37.53689,126.89638,1527.2535252091538
44,37.53906,126.89280000000001,1621.2966836611906
45,37.5462035,126.9359375,659.9978054822658
46,37.5415852,126.94263150000002,1250.5712958818663
47,37.5663502,126.85255240000001,0.0
48,37.5257536,127.0523217,0.0
49,37.4957573,126.89993600000001,1363.842188636529
50,37.5223206,127.0277019,0.0
51,37.4945849,126.8845477,0.0
52,37.5082619,126.89938659999999,1464.2124672727532
53,37.61261,126.92278350000001,1056.5683392293533
54,37.60499411619718,126.91488559999999,1720.3694247304893
55,37.49988,127.03855999999999,2.2446353194451004e-09
56,37.56537,126.94563,1472.9712095125535
57,37.5123018,127.0294935,0.0
58,37.5267088,126.9238,2263.244604336564
59,37.57234,126.93084,1738.9413012219945
60,37.4955756,126.9195788,1506.0907989358027
61,37.50312,127.0014,0.0
62,37.59296,126.93733000000002,1249.548711936824
63,37.5122807,127.0855986,0.0
64,37.5626596,126.9226107,689.9126900070085
65,37.56723,127.1713,0.0
66,37.66727,127.07242,0.0
67,37.55007,126.92938000000001,0.0
68,37.4999549,127.1232661,1001.3266502748568
69,37.5575531,126.9350294,455.20518653525403
70,37.5162407,126.8521196,2337.6417975075706
71,37.566575,126.826243,0.0
72,37.63793,127.07251,0.0
73,37.4385754,126.9043847,1398.0982870329715
74,37.54678,126.9084,0.0
75,37.56775,126.90263,0.0
76,37.605,126.91198,1975.8641035857218
77,37.53857,126.95576,257.6743243839351
78,37.55575,126.96685,929.2095930256181
79,37.5128036,126.8929788,969.8229857848293
80,37.52616,126.89724000000001,1900.8136822965016
81,37.4762327,127.0439647,557.18921844106
82,37.5239764,126.90656220000001,2540.82103163267
83,37.51777,126.90367999999998,2059.0134774487933
84,37.5223052,126.8990946,2027.012380496811
85,37.48754,127.08705,0.0
86,37.57953,126.91156,1528.1197103106792
87,37.468399,126.8979571,0.0
88,37.5147838,127.0543618,639.3038058772452
89,37.60789016862745,127.0614341882353,24.153076072402786
90,37.4507049,126.9085555,0.0
91,37.4534615,127.0664442,2600.734866024605
92,37.44505,127.05984999999998,2898.4582914679468
93,37.50479,127.11369,0.0
94,37.6040879,126.93172330000002,233.66194287386833
95,37.5582352,127.13085420000002,2.2428799466368007e-09
96,37.56258,126.92196000000001,710.408349540337
97,37.4798789,126.9939103,0.0
98,37.5573562,126.8699304,908.8747876617731
99,37.57744,126.91790000000002,1723.9609088553493
100,37.52357,126.88287999999999,683.3589292393694
101,37.4715479,126.97649340000001,1100.478852542805
102,37.57682,126.81422,0.0
103,37.5028911,126.9775288,1398.7166216891515
104,37.4910095,126.83773789999998,4148.910204756932
105,37.4801373,127.0217889,970.7385716205799
106,37.4969824,127.1197239,1018.3526218744034
107,37.5831882,126.9055622,1735.992132274039
108,37.56528,127.15761,1225.9457210499447
109,37.6826056,127.04254049999999,1862.332055319279
110,37.51938,126.88467,1070.7108936710044
111,37.5573174,126.9417493,546.8178760708448
112,37.5662284,126.942899,1458.6210735701216
113,37.4753253,126.88639539999998,2.2453732492849647e-09
114,37.5222786,126.9078574,2546.438305921048
115,37.56058,126.94496,1004.6739657644588
116,37.5206681,126.8911962,1452.240253311649
117,37.50941,126.88285,0.0
118,37.4999309,126.9521902,723.9969374936317
119,37.5024827,127.103495,0.0
120,37.4931629,126.851736,2899.102085804174
121,37.55534720744186,126.8725283,748.057429571581
122,37.54254,126.93469,959.2841704190128
123,37.54914,126.94915000000002,335.91726097054493
124,37.4838745,126.8889756,977.5139580037177
125,37.5110101,126.94146340000002,1183.9525257977111
126,37.5289579,127.14476589999998,2244.870462913633
127,37.5398309,127.1466106,1049.7535157153668
128,37.63021,127.08818,0.0
129,37.48421,127.07006,1236.4965362721753
130,37.54841,127.15158000000001,2.243175659735735e-09
131,37.51702,126.89591000000001,1429.315169719646
132,37.5871,126.94676,1527.8349182096895
133,37.5014521,127.0901512,928.2832249913066
134,37.54616,126.93299,538.809365662435
135,37.5224036,126.89391,1652.204687161476
136,37.5476771,126.818987,460.61077875341675
137,37.5072393,127.0286351,190.66107898849475
138,37.5032363,126.8588409,2226.313251102635
139,37.4820989,126.942562,596.3050628542734
140,37.553881,126.93731199999999,0.0
141,37.514477,126.8898892,838.4136235010335
142,37.53208,126.90102000000002,1759.3234015954165
143,37.55567990000001,126.7931257,2170.7410197912404
144,37.51337,126.95477,1871.9364342949652
145,37.57092,126.87752,2240.965753785534
146,37.52309,126.88868,1186.3302702916792
147,37.55073,127.1704,1679.0767238130063
148,37.51588,126.88411,727.9653658409488
149,37.5300432,127.0313346,343.5975965841771
150,37.4813204,126.8244434,5504.369303866266
151,37.5851873,126.8948584,2056.3469814068753
152,37.5071426,127.0278333,172.83252465139188
153,37.60395,126.93437,0.0
154,37.4806088,127.041914,137.1450729181367
155,37.4833331,127.0346947,792.4443004872819
156,37.48178245384615,126.90109044615384,1482.2365233257053
157,37.56348,126.95425999999999,1444.6184117950318
158,37.51005491388889,127.05623579722221,317.95982156302904
159,37.5054892,126.8925826,962.8534436051997
160,37.4832243,126.9025549,1674.7426165186844
161,37.5386394,126.9492428,829.0902371162548
162,37.5194497,126.88218830000001,914.6111501347997
163,37.55947200952381,126.9552494,1019.6774561104984
164,37.62058,126.91102,2081.754661139366
165,37.4725141,127.0987522,35.242804356825516
166,37.4837938,126.9480277,105.3211347168494
167,37.53644,126.89902,1416.295788243522
168,37.4647545,127.01886659999998,1573.4791823795235
169,37.4753027,127.04673650000001,724.9494139970922
170,37.55879411666667,126.8458114,851.8036570892747
171,37.4708898,127.1033677,480.109285486081
172,37.48445,127.09838,0.0
173,37.6122812,126.9082658,2301.7834223579725
174,37.53387,127.11093999999999,2076.5331198052513
175,37.52872,126.90411,2043.4970133160757
176,37.54107715,126.83135076666667,790.0739789364601
177,37.5536991,126.93998940000002,236.88700605655708
178,37.5437014,126.9188463,826.3387004693442
179,37.5418285,126.89021399999999,1695.261085443778
180,37.4978065,127.0524018,764.9632959295849
181,37.52915,126.89894,2082.7889964953165
182,37.4766058,127.04507429999998,536.5080749770045
183,37.4829716,126.9507906,134.16417085955848
184,37.52783796666667,126.91685168333333,2234.205078459328
185,37.5184928,127.10307790000002,518.2541453982867
186,37.5346241,126.90654870000002,1361.4962134612256
187,37.54341,126.96037,610.4854272960465
188,37.6289,127.0567,0.0
189,37.5119121,127.0262175,186.1081939767589
190,37.54655,126.96675000000002,462.104247839227
191,37.55661,126.97177,1305.5821757323008
192,37.5505624,126.9525116,0.0
193,37.6421169,126.9354305,2899.7778525410604
194,37.512170000000005,126.89799000000001,1370.2235012833387
195,37.6160647,126.9339579,0.0
196,37.4756078,127.0449883,641.482985177539
197,37.4754801,127.0355441,791.0189531143824
198,37.51147108181818,127.10267990000001,607.8219938091471
199,37.6162,127.05085999999999,1247.514064289535
200,37.5363326,126.95602259999998,301.6973731301676
201,37.53511,126.94593,1167.2982590659321
202,37.56088,126.96923,905.0659161266755
203,37.4977096,127.1173994,852.6004257382818
204,37.5488,126.96668,612.2570343192656
205,37.53822,127.0074,892.1183404092184
206,37.55234,126.96595,645.5511232281253
207,37.5623,126.97037,748.8944921281085
208,37.5036079,127.080357,301.6981059820371
209,37.5176886,127.0278501,362.7585659540105
210,37.5122995,127.0218021,99.74574612101755
211,37.5114077,127.02828479999998,145.77426276732936
212,37.5524109,126.84730259999999,1106.2223195520119
